A,0.9008009433746338,0.9605995416641235,8.978962000583124e-07,0.7733566761016846,0.9583061933517456,-0.06147721782326698,0.6573399901390076,0.8645232915878296,-0.08645607531070709,0.5787102580070496,0.751718282699585,-0.10593260079622269,0.49978718161582947,0.6676626205444336,-0.12187276780605316,0.6670525670051575,0.6091283559799194,-0.0284584853798151,0.5940268039703369,0.45043009519577026,-0.059561312198638916,0.5559823513031006,0.35171541571617126,-0.08725011348724365,0.5313557386398315,0.25839775800704956,-0.10849785059690475,0.7353062629699707,0.5461298227310181,-0.027004245668649673,0.6773467063903809,0.36243802309036255,-0.05052850767970085,0.6467958092689514,0.2436453104019165,-0.07549776136875153,0.6277590394020081,0.14578169584274292,-0.09591258317232132,0.8104362487792969,0.5231847167015076,-0.03602728992700577,0.7647007703781128,0.34863632917404175,-0.06779328733682632,0.7369982600212097,0.24386218190193176,-0.09083051234483719,0.7142841815948486,0.15142890810966492,-0.1077614352107048,0.8969862461090088,0.5246200561523438,-0.05152182653546333,0.8899942636489868,0.371857225894928,-0.08414456993341446,0.8861916065216064,0.27112045884132385,-0.1005958616733551,0.8814569711685181,0.17704138159751892,-0.11181595921516418
A,0.9084423780441284,0.948723316192627,9.080077347789484e-07,0.7813762426376343,0.9476006031036377,-0.061068493872880936,0.6656960248947144,0.8554600477218628,-0.08703151345252991,0.5895825028419495,0.7415639162063599,-0.10709988325834274,0.5129730701446533,0.6576972603797913,-0.12415842711925507,0.6749051809310913,0.604173481464386,-0.03766106441617012,0.6027347445487976,0.4406317472457886,-0.07143332064151764,0.5645590424537659,0.339914470911026,-0.09976284950971603,0.5382169485092163,0.24608954787254333,-0.12093981355428696,0.7435258626937866,0.5441558361053467,-0.036638081073760986,0.6861438751220703,0.3581414818763733,-0.06330958008766174,0.6570584177970886,0.2382599413394928,-0.08938997238874435,0.6376939415931702,0.13718768954277039,-0.1100517138838768,0.8182738423347473,0.5231858491897583,-0.04517018422484398,0.7748777866363525,0.34912732243537903,-0.07870111614465714,0.7480467557907104,0.23997119069099426,-0.10267292708158493,0.7250597476959229,0.14220905303955078,-0.12009838968515396,0.9037043452262878,0.5264527797698975,-0.05976841226220131,0.8962021470069885,0.3746500611305237,-0.09324672818183899,0.8926483392715454,0.2733455300331116,-0.10954046994447708,0.8880513310432434,0.1781967580318451,-0.12043777108192444
A,0.7034050226211548,0.9279446005821228,7.208575425465824e-07,0.5690817832946777,0.8976784944534302,-0.04124665632843971,0.46003687381744385,0.7913813591003418,-0.05627506598830223,0.3903961181640625,0.6811175346374512,-0.07014606148004532,0.3303552269935608,0.5946609377861023,-0.08198609203100204,0.4931250512599945,0.5580824017524719,-0.007360051851719618,0.4329625368118286,0.40170422196388245,-0.0355411097407341,0.3955845236778259,0.30491653084754944,-0.06349518150091171,0.36695176362991333,0.21841853857040405,-0.0842859148979187,0.5612542629241943,0.5061154365539551,-0.01346545945852995,0.5183805823326111,0.32552996277809143,-0.03566822037100792,0.4885348677635193,0.20968934893608093,-0.06135478615760803,0.46381261944770813,0.1135612428188324,-0.08085370063781738,0.6318314075469971,0.4891107380390167,-0.028317101299762726,0.5970065593719482,0.3182760775089264,-0.055338796228170395,0.566976010799408,0.21339169144630432,-0.07630535215139389,0.5389559864997864,0.12529811263084412,-0.09097521007061005,0.7101606130599976,0.4994027018547058,-0.04824600741267204,0.7074261903762817,0.3494111895561218,-0.07333928346633911,0.7006962299346924,0.2515016496181488,-0.08399537205696106,0.6915055513381958,0.16499918699264526,-0.09061288833618164
A,0.6272808909416199,0.8887536525726318,6.413357027668098e-07,0.5376448035240173,0.8084919452667236,-0.03444497287273407,0.4889495074748993,0.672970175743103,-0.04432449862360954,0.4726078510284424,0.5516142249107361,-0.05184336006641388,0.44772660732269287,0.46036016941070557,-0.057584621012210846,0.5721175670623779,0.5170840620994568,-0.008142179809510708,0.5736982822418213,0.3731445074081421,-0.026970235630869865,0.5788334608078003,0.2877439260482788,-0.045425742864608765,0.5863444805145264,0.21554815769195557,-0.05968860909342766,0.6367409825325012,0.5157395005226135,-0.011308003216981888,0.6623261570930481,0.36517441272735596,-0.024682139977812767,0.6785570383071899,0.27545204758644104,-0.040964774787425995,0.691177487373352,0.20255324244499207,-0.05404631048440933,0.6920141577720642,0.540920615196228,-0.02155923657119274,0.7232230305671692,0.39659780263900757,-0.04209236428141594,0.737904965877533,0.3089422285556793,-0.05850955843925476,0.7488981485366821,0.2320527732372284,-0.07081945985555649,0.7432386875152588,0.5885164737701416,-0.03561416268348694,0.7905033826828003,0.48911386728286743,-0.05756198242306709,0.8201701641082764,0.42091435194015503,-0.06791047006845474,0.8461002111434937,0.35579419136047363,-0.07482918351888657
A,0.6487295627593994,0.8717997074127197,6.620088583986217e-07,0.5556550621986389,0.8119957447052002,-0.035985659807920456,0.4909745752811432,0.6961858868598938,-0.04780321195721626,0.45852506160736084,0.5858608484268188,-0.057188838720321655,0.4216502904891968,0.5065105557441711,-0.06478457152843475,0.5503823161125183,0.5343163013458252,-0.011592911556363106,0.5332916975021362,0.3954247832298279,-0.033846620470285416,0.5289041996002197,0.31055259704589844,-0.05455726757645607,0.5299940705299377,0.23756927251815796,-0.07015916705131531,0.6099950075149536,0.5169755816459656,-0.013786016963422298,0.614132821559906,0.36643365025520325,-0.030184784904122353,0.6207308769226074,0.27499592304229736,-0.047661785036325455,0.6276817917823792,0.20064958930015564,-0.06149401515722275,0.6661099791526794,0.5279416441917419,-0.02325510047376156,0.676940381526947,0.3843700587749481,-0.04587792605161667,0.6823331117630005,0.2965888977050781,-0.06301665306091309,0.6868180632591248,0.22181999683380127,-0.0755615159869194,0.7234792709350586,0.5624681115150452,-0.036758072674274445,0.7571007013320923,0.45703771710395813,-0.06002150848507881,0.7781622409820557,0.3865237534046173,-0.07156524807214737,0.7956582307815552,0.32114723324775696,-0.07939586788415909
A,0.6705593466758728,0.8573125600814819,6.496003948086582e-07,0.5727941393852234,0.8235889673233032,-0.037843968719244,0.49399393796920776,0.7260869741439819,-0.050716057419776917,0.44643864035606384,0.6280010938644409,-0.06047356128692627,0.3992229104042053,0.5619646906852722,-0.0682411938905716,0.527199923992157,0.5429831147193909,-0.013544674962759018,0.49041157960891724,0.41210371255874634,-0.03419485315680504,0.47499972581863403,0.33283287286758423,-0.05393768474459648,0.4668823480606079,0.26214081048965454,-0.0691172182559967,0.5856393575668335,0.5113500952720642,-0.014614168554544449,0.5679126381874084,0.36396926641464233,-0.030190525576472282,0.5603213906288147,0.2729257047176361,-0.048262182623147964,0.5555512309074402,0.19800013303756714,-0.06301794946193695,0.6425607204437256,0.5092601180076599,-0.022804297506809235,0.6345117092132568,0.3683702349662781,-0.044858019798994064,0.6261348724365234,0.2810567319393158,-0.06344574689865112,0.6176740527153015,0.2047872543334961,-0.07733646780252457,0.7027552127838135,0.5289245843887329,-0.035001907497644424,0.7201665639877319,0.41514986753463745,-0.05805252864956856,0.729894757270813,0.3389319181442261,-0.0705866813659668,0.7360800504684448,0.2668974995613098,-0.0792984589934349
A,0.6396183967590332,0.8262887597084045,6.740394269399985e-07,0.5434672236442566,0.8087872266769409,-0.04109906405210495,0.4557420015335083,0.7276790142059326,-0.057227298617362976,0.4008752703666687,0.6398352384567261,-0.06944067776203156,0.34615546464920044,0.5840546488761902,-0.07976147532463074,0.47402486205101013,0.5388736724853516,-0.025135017931461334,0.42498889565467834,0.41094905138015747,-0.04830159619450569,0.3972809910774231,0.3315231502056122,-0.06854379177093506,0.37732964754104614,0.26077476143836975,-0.08428709954023361,0.5282072424888611,0.49915266036987305,-0.025546789169311523,0.5003845691680908,0.35458871722221375,-0.04363608360290527,0.48404353857040405,0.26277607679367065,-0.0613601878285408,0.4716196060180664,0.18954646587371826,-0.07576533406972885,0.5844272375106812,0.4899441599845886,-0.03273128345608711,0.5641187429428101,0.355646550655365,-0.056170232594013214,0.54814213514328,0.27270179986953735,-0.07346358895301819,0.5338230133056641,0.20213451981544495,-0.08651160448789597,0.6463264226913452,0.5022332072257996,-0.04424973204731941,0.6538456082344055,0.38970497250556946,-0.06846169382333755,0.6582217216491699,0.3148966431617737,-0.08095596730709076,0.6597797274589539,0.2458578646183014,-0.08969183266162872
A,0.6604472994804382,0.8132705688476562,6.062435886633466e-07,0.5633143186569214,0.7831487655639648,-0.035491641610860825,0.4796355962753296,0.7064881920814514,-0.05108325555920601,0.42554521560668945,0.6320222616195679,-0.06457535922527313,0.37800782918930054,0.5762782692909241,-0.07722368836402893,0.5015668272972107,0.528728187084198,-0.022783620283007622,0.4527848958969116,0.40540584921836853,-0.05090199038386345,0.4249098598957062,0.3276500105857849,-0.07525953650474548,0.40472912788391113,0.2587273418903351,-0.09282708913087845,0.551780641078949,0.48922425508499146,-0.026823069900274277,0.5230088829994202,0.34655773639678955,-0.048905592411756516,0.5043237209320068,0.25795772671699524,-0.06957802921533585,0.4896324872970581,0.18522533774375916,-0.0850539430975914,0.6050091981887817,0.47768402099609375,-0.03711006045341492,0.5857157111167908,0.34256163239479065,-0.062152545899152756,0.5706139206886292,0.25943487882614136,-0.0788528174161911,0.5580748319625854,0.18958595395088196,-0.09067719429731369,0.6632404923439026,0.49114641547203064,-0.05141044408082962,0.6699233055114746,0.3814643919467926,-0.07569954544305801,0.6745976209640503,0.3087083101272583,-0.08575242012739182,0.6785170435905457,0.24374935030937195,-0.09192750602960587
A,0.7458925247192383,0.7875250577926636,6.401364203156845e-07,0.6504647731781006,0.7558393478393555,-0.03800366073846817,0.5758891701698303,0.6675129532814026,-0.05116471275687218,0.5355929732322693,0.574032187461853,-0.06111230328679085,0.49687260389328003,0.5025494694709778,-0.06895802170038223,0.607122004032135,0.488046258687973,-0.016500771045684814,0.5723179578781128,0.3615366816520691,-0.03842756152153015,0.5556412935256958,0.2834063172340393,-0.05863548815250397,0.5452708005905151,0.21467748284339905,-0.07383260875940323,0.6599763631820679,0.45722782611846924,-0.01714021898806095,0.6447134017944336,0.31409120559692383,-0.03395386040210724,0.6383587121963501,0.2278541922569275,-0.05104143172502518,0.635352611541748,0.1579740047454834,-0.06435970216989517,0.7126861214637756,0.45354095101356506,-0.02482842653989792,0.7045807242393494,0.3180738687515259,-0.0471256747841835,0.695923924446106,0.23319190740585327,-0.06404189020395279,0.6893491148948669,0.16165146231651306,-0.07643278688192368,0.7700256705284119,0.47201815247535706,-0.036715973168611526,0.7874127626419067,0.3642859160900116,-0.0602058544754982,0.7986931204795837,0.2919199466705322,-0.07209254056215286,0.8079084753990173,0.22670778632164001,-0.07995378226041794
A,0.6924089193344116,0.7796052694320679,7.996077329153195e-07,0.5949671268463135,0.7334700226783752,-0.033146217465400696,0.5209356546401978,0.6375513076782227,-0.04433571547269821,0.47273555397987366,0.5431622862815857,-0.054488252848386765,0.4252898693084717,0.4835592806339264,-0.06393807381391525,0.5448185205459595,0.484508752822876,-0.008123642764985561,0.5149747133255005,0.35373568534851074,-0.031622499227523804,0.501399576663971,0.2684047818183899,-0.0539323166012764,0.49306052923202515,0.19377514719963074,-0.07051172107458115,0.6015890836715698,0.4566158652305603,-0.010943752713501453,0.5889506340026855,0.3140151798725128,-0.030530665069818497,0.5866057276725769,0.22498774528503418,-0.050374142825603485,0.5870357155799866,0.152927428483963,-0.06494345515966415,0.6603225469589233,0.45445868372917175,-0.020778607577085495,0.6541151404380798,0.31965166330337524,-0.0451449416577816,0.6465364694595337,0.23631098866462708,-0.06314874440431595,0.6413550972938538,0.16729402542114258,-0.07499305158853531,0.7235288023948669,0.4720095992088318,-0.03431355953216553,0.739581823348999,0.36118218302726746,-0.05804629623889923,0.7492783069610596,0.29049015045166016,-0.06965019553899765,0.7578586935997009,0.22739556431770325,-0.07672715932130814
A,0.6311337947845459,0.7731224298477173,6.540399226651061e-07,0.5308462977409363,0.7305094003677368,-0.03065144270658493,0.4556625485420227,0.6284372806549072,-0.03817479684948921,0.4128084182739258,0.5356586575508118,-0.04499657452106476,0.3711230754852295,0.4752403795719147,-0.05173438414931297,0.4972703754901886,0.47284093499183655,-0.0079641193151474,0.47409433126449585,0.34507107734680176,-0.03318709880113602,0.4629804491996765,0.26087701320648193,-0.05713362246751785,0.4566362500190735,0.18895423412322998,-0.07486885786056519,0.55352383852005,0.44729673862457275,-0.013001175597310066,0.5405967235565186,0.30665677785873413,-0.03531952574849129,0.5334422588348389,0.2187006175518036,-0.0582740344107151,0.5281484723091125,0.14787831902503967,-0.0748666450381279,0.6113046407699585,0.4465866982936859,-0.024725811555981636,0.6096076965332031,0.3139365017414093,-0.0518600270152092,0.6043246984481812,0.2302786111831665,-0.07143177092075348,0.6002103090286255,0.1593889594078064,-0.0842316597700119,0.6727330088615417,0.4679332971572876,-0.039926864206790924,0.6916069984436035,0.3594591021537781,-0.06650935858488083,0.7006638050079346,0.288193941116333,-0.07946635782718658,0.7077690958976746,0.22231605648994446,-0.08741292357444763
A,0.5147625207901001,0.7867045402526855,6.974328812248132e-07,0.41472572088241577,0.7468079328536987,-0.028532622382044792,0.3357168436050415,0.6540716886520386,-0.03913763910531998,0.28997430205345154,0.5679342150688171,-0.05001526698470116,0.2531406283378601,0.4975636303424835,-0.06069061905145645,0.3790793716907501,0.4826275706291199,-0.007449848111718893,0.34815168380737305,0.36237746477127075,-0.03139312565326691,0.33216822147369385,0.28242504596710205,-0.053488947451114655,0.3218117952346802,0.2117132544517517,-0.06998272985219955,0.4381294548511505,0.45221593976020813,-0.015052435919642448,0.4234696924686432,0.3093452751636505,-0.035564351826906204,0.41238701343536377,0.21800079941749573,-0.05640072748064995,0.4022010564804077,0.14270415902137756,-0.07169333845376968,0.49867233633995056,0.4490828216075897,-0.029359830543398857,0.4886808693408966,0.310470312833786,-0.05614020302891731,0.47548872232437134,0.2237652838230133,-0.0764097347855568,0.4616762697696686,0.15151336789131165,-0.08964825421571732,0.5627730488777161,0.46919679641723633,-0.0466875359416008,0.5835772156715393,0.35506683588027954,-0.07285851985216141,0.5953219532966614,0.2797960340976715,-0.08618557453155518,0.6027846336364746,0.21313264966011047,-0.09454628825187683
A,0.43745020031929016,0.7870209813117981,5.676412229149719e-07,0.3462994694709778,0.7444036602973938,-0.02709236368536949,0.2728114426136017,0.650432288646698,-0.039161983877420425,0.22590875625610352,0.567495584487915,-0.05138043314218521,0.1821907013654709,0.5046594738960266,-0.06324238330125809,0.3154245913028717,0.48306402564048767,-0.008800473995506763,0.28091156482696533,0.3620505928993225,-0.032460905611515045,0.2600674033164978,0.2829027473926544,-0.05453876778483391,0.24449308216571808,0.2159775197505951,-0.07045498490333557,0.3692459166049957,0.4548448920249939,-0.016012297943234444,0.35022610425949097,0.31013089418411255,-0.03682960569858551,0.3353274166584015,0.2176765501499176,-0.05725878104567528,0.32174238562583923,0.1437896192073822,-0.0715070366859436,0.4248342514038086,0.45064911246299744,-0.029212618246674538,0.4088304042816162,0.3063200116157532,-0.05441734194755554,0.39173761010169983,0.21637451648712158,-0.07366662472486496,0.3741292357444763,0.14334911108016968,-0.0857466459274292,0.48458653688430786,0.46673381328582764,-0.045275572687387466,0.500907838344574,0.3480469584465027,-0.06729941070079803,0.505990743637085,0.27041491866111755,-0.07812119275331497,0.5061005353927612,0.20467126369476318,-0.08469603955745697
A,0.45633503794670105,0.7952263355255127,4.6811149445602496e-07,0.36137211322784424,0.7365838289260864,-0.025421621277928352,0.28721046447753906,0.6428917646408081,-0.03749924525618553,0.23640576004981995,0.556810200214386,-0.05106034129858017,0.18724389374256134,0.4978525638580322,-0.06462441384792328,0.3258287310600281,0.4837760031223297,-0.0018200037302449346,0.28809669613838196,0.3630557656288147,-0.027685992419719696,0.26608628034591675,0.2868127226829529,-0.05291322246193886,0.2507515251636505,0.2183002531528473,-0.07176876068115234,0.37808695435523987,0.45771655440330505,-0.01173782255500555,0.3594435751438141,0.3173406720161438,-0.03551001474261284,0.34569504857063293,0.22973990440368652,-0.05956241860985756,0.3333032727241516,0.15507709980010986,-0.0766904205083847,0.4343860149383545,0.45627057552337646,-0.02811276726424694,0.4220298230648041,0.3164045810699463,-0.05600839480757713,0.4067106544971466,0.2283540666103363,-0.07603506743907928,0.3913910686969757,0.15348657965660095,-0.08887161314487457,0.4968843460083008,0.4761407673358917,-0.04750649631023407,0.5127026438713074,0.3618627190589905,-0.07176955789327621,0.5170108675956726,0.28496554493904114,-0.08256161212921143,0.5169676542282104,0.2166418433189392,-0.08917354792356491
A,0.5103955268859863,0.7744402885437012,6.163656394164718e-07,0.41633957624435425,0.734517514705658,-0.031031455844640732,0.3377801477909088,0.6455309391021729,-0.0459243580698967,0.2835509777069092,0.5680820941925049,-0.060336727648973465,0.24136048555374146,0.5120111107826233,-0.0749114602804184,0.3609226942062378,0.47082099318504333,-0.017306184396147728,0.3238855302333832,0.3558579087257385,-0.047061532735824585,0.30173245072364807,0.2833137512207031,-0.07364309579133987,0.28581714630126953,0.2166736125946045,-0.09326453506946564,0.4206215441226959,0.44325846433639526,-0.02592247910797596,0.39890825748443604,0.30562663078308105,-0.05125207081437111,0.3848331570625305,0.22109735012054443,-0.07492100447416306,0.37344351410865784,0.14888334274291992,-0.09189245104789734,0.48360884189605713,0.44530773162841797,-0.04078161343932152,0.4713669419288635,0.316019207239151,-0.07099805772304535,0.4573264718055725,0.232860267162323,-0.0909518450498581,0.4436359107494354,0.15918603539466858,-0.1041315495967865,0.549781084060669,0.47310522198677063,-0.058604106307029724,0.5646265745162964,0.3657667636871338,-0.08668604493141174,0.5723598003387451,0.2941089868545532,-0.09776677191257477,0.5769776105880737,0.22796884179115295,-0.10446333140134811
A,0.6878138184547424,0.751118540763855,6.57932673675532e-07,0.5954042673110962,0.7036278247833252,-0.0433068573474884,0.5208747386932373,0.6067885160446167,-0.06465547531843185,0.47049713134765625,0.5181898474693298,-0.08259858936071396,0.42012661695480347,0.46182000637054443,-0.09993166476488113,0.5420755743980408,0.45254063606262207,-0.03447558358311653,0.5034747123718262,0.3229673206806183,-0.06900907307863235,0.47958850860595703,0.24170972406864166,-0.09685661643743515,0.4622032642364502,0.16952434182167053,-0.1171223372220993,0.601947546005249,0.427152156829834,-0.03694785386323929,0.5798856019973755,0.2883628010749817,-0.06697219610214233,0.5727949738502502,0.2060319185256958,-0.09188918024301529,0.5690025687217712,0.13655078411102295,-0.110102079808712,0.6636452078819275,0.42948490381240845,-0.046055056154727936,0.6532974243164062,0.299180269241333,-0.07837920635938644,0.6459910273551941,0.21616330742835999,-0.09674642235040665,0.6395717263221741,0.14400270581245422,-0.10910423845052719,0.729083776473999,0.45310360193252563,-0.059141501784324646,0.7381799817085266,0.345533549785614,-0.0868622362613678,0.7431468963623047,0.27706703543663025,-0.09687922149896622,0.7444431781768799,0.21675145626068115,-0.10322444140911102
A,0.8015210628509521,0.7445104718208313,6.340359846035426e-07,0.7113321423530579,0.6978898644447327,-0.03537876531481743,0.6475457549095154,0.5952396392822266,-0.04589088633656502,0.6098487377166748,0.5011767148971558,-0.05411746725440025,0.5744870901107788,0.42805612087249756,-0.06083310395479202,0.6790593862533569,0.44001615047454834,-0.009491348639130592,0.6508932709693909,0.30998724699020386,-0.03441030532121658,0.639976978302002,0.22977443039417267,-0.05731131136417389,0.6360132694244385,0.16138005256652832,-0.07278440147638321,0.7360931634902954,0.41698411107063293,-0.01006162166595459,0.7323315739631653,0.2735963463783264,-0.026355719193816185,0.7325565218925476,0.18801537156105042,-0.04517928138375282,0.7348756194114685,0.11890831589698792,-0.05937308445572853,0.7906310558319092,0.4196949601173401,-0.01778416894376278,0.8008306622505188,0.29345738887786865,-0.037634726613759995,0.8105692863464355,0.21569734811782837,-0.05174260959029198,0.82095867395401,0.15205711126327515,-0.06133304163813591,0.8441420793533325,0.4448862075805664,-0.02973368763923645,0.8651251196861267,0.3467971384525299,-0.04846803843975067,0.8828557729721069,0.28569865226745605,-0.05492187663912773,0.8999493718147278,0.2324499785900116,-0.05838264152407646
A,0.781869649887085,0.7516907453536987,6.862080681457883e-07,0.696011483669281,0.7056878209114075,-0.04424208030104637,0.6285194158554077,0.6115944385528564,-0.062302667647600174,0.5861842632293701,0.5258941054344177,-0.07641606777906418,0.5533055067062378,0.45168596506118774,-0.0887770727276802,0.6598677635192871,0.45283111929893494,-0.02696613408625126,0.6349706053733826,0.3262665867805481,-0.056936707347631454,0.6247338056564331,0.2462049424648285,-0.08225788921117783,0.6213634014129639,0.17706117033958435,-0.09944365918636322,0.7155306935310364,0.42804911732673645,-0.02532069757580757,0.7114775776863098,0.28735893964767456,-0.04933534190058708,0.7113687992095947,0.20014137029647827,-0.07035491615533829,0.7148142457008362,0.12960714101791382,-0.08507661521434784,0.7699833512306213,0.4295353591442108,-0.03097693622112274,0.7763648629188538,0.3001413345336914,-0.058122195303440094,0.7815314531326294,0.2152048945426941,-0.07547319680452347,0.7894060015678406,0.14467883110046387,-0.08638592809438705,0.8246152997016907,0.4544415771961212,-0.04110682010650635,0.843765914440155,0.35088789463043213,-0.06629416346549988,0.8575288653373718,0.28227293491363525,-0.07667619735002518,0.8711496591567993,0.22069209814071655,-0.08237791061401367
A,0.6343643665313721,0.7910188436508179,7.605555651934992e-07,0.5389240980148315,0.7416078448295593,-0.031063858419656754,0.4637179970741272,0.6432856321334839,-0.04200216382741928,0.41422855854034424,0.5536912083625793,-0.05282628908753395,0.3732668161392212,0.48965758085250854,-0.0630979910492897,0.4997451603412628,0.48902401328086853,-0.01170635037124157,0.47219234704971313,0.353610634803772,-0.03873303905129433,0.45927679538726807,0.26482707262039185,-0.062362443655729294,0.45275408029556274,0.19043833017349243,-0.07894435524940491,0.556195080280304,0.46203377842903137,-0.01719306781888008,0.5380724668502808,0.3157634139060974,-0.04053864628076553,0.5265195965766907,0.21834754943847656,-0.06312113255262375,0.5180591344833374,0.13967129588127136,-0.07891149073839188,0.6159730553627014,0.45870932936668396,-0.029331691563129425,0.6105567216873169,0.3155924081802368,-0.056945979595184326,0.6009078621864319,0.22602692246437073,-0.07854588329792023,0.5915638208389282,0.153743177652359,-0.0922103151679039,0.6803077459335327,0.4786883294582367,-0.04481487348675728,0.7033295035362244,0.3652261793613434,-0.07147304713726044,0.7123196125030518,0.2885094881057739,-0.08641770482063293,0.7176404595375061,0.22033172845840454,-0.09536759555339813
A,0.5991575717926025,0.8186048269271851,5.35176070570742e-07,0.5038633346557617,0.7707477807998657,-0.031006304547190666,0.4267647862434387,0.6703545451164246,-0.041609395295381546,0.3794204592704773,0.5773282647132874,-0.05126235634088516,0.3355451822280884,0.5108603835105896,-0.060129765421152115,0.47318437695503235,0.49979424476623535,-0.010077069513499737,0.43466588854789734,0.36948347091674805,-0.032759055495262146,0.41258832812309265,0.2897143065929413,-0.05411994829773903,0.39803552627563477,0.22071883082389832,-0.06978145986795425,0.527262806892395,0.4685683846473694,-0.015195542015135288,0.5081183910369873,0.3190377950668335,-0.03266695514321327,0.49303966760635376,0.22529760003089905,-0.05164087563753128,0.4807969331741333,0.1507287621498108,-0.06602593511343002,0.5815105438232422,0.4649651348590851,-0.026771821081638336,0.573257327079773,0.32374006509780884,-0.04825178161263466,0.5630476474761963,0.23707014322280884,-0.06521002948284149,0.5532013177871704,0.16571736335754395,-0.07733933627605438,0.638213038444519,0.48497799038887024,-0.04212143272161484,0.6579745411872864,0.37296366691589355,-0.06312505900859833,0.6685018539428711,0.2982448935508728,-0.07305773347616196,0.6761965155601501,0.23225724697113037,-0.07950661331415176
A,0.6527613401412964,0.7938995361328125,6.825441118962772e-07,0.5513668060302734,0.7485483884811401,-0.03273549675941467,0.4719929099082947,0.6466995477676392,-0.04207966476678848,0.424372136592865,0.5516303777694702,-0.05063535273075104,0.37946873903274536,0.49207860231399536,-0.058247823268175125,0.4990747570991516,0.49053868651390076,-0.0077642290852963924,0.4695712625980377,0.3591149151325226,-0.03319565951824188,0.45466941595077515,0.2740674912929535,-0.05662313476204872,0.4458768665790558,0.20169419050216675,-0.07366088032722473,0.5570064187049866,0.4615103006362915,-0.012158439494669437,0.5354548692703247,0.3163553774356842,-0.034406714141368866,0.5222010016441345,0.22344624996185303,-0.057218924164772034,0.5118474364280701,0.14986151456832886,-0.07378809154033661,0.6164997220039368,0.45671844482421875,-0.023594930768013,0.6079393625259399,0.3184435963630676,-0.05110417678952217,0.5969623327255249,0.2317497432231903,-0.07198895514011383,0.5871257781982422,0.16014662384986877,-0.08568591624498367,0.6795954704284668,0.47419610619544983,-0.03861473873257637,0.6958269476890564,0.36556476354599,-0.06534731388092041,0.7021031975746155,0.29220977425575256,-0.0794576033949852,0.7060233354568481,0.2255641222000122,-0.08824852854013443
B,0.7021324038505554,0.6836401224136353,-6.827276024523599e-07,0.6250442862510681,0.6950944662094116,-0.035767097026109695,0.5358901023864746,0.6386587619781494,-0.0469728522002697,0.4916149973869324,0.5429845452308655,-0.05864260718226433,0.4965132474899292,0.4548885226249695,-0.061935313045978546,0.5227510929107666,0.5234413743019104,0.012883895076811314,0.4971758723258972,0.4650530517101288,-0.03900881111621857,0.5309426784515381,0.5399096608161926,-0.06238721311092377,0.5519545674324036,0.5693936347961426,-0.0683678686618805,0.571092963218689,0.4925428330898285,0.010927570052444935,0.5460712909698486,0.425296813249588,-0.043926939368247986,0.5833849906921387,0.5361936092376709,-0.048951923847198486,0.5969915986061096,0.5573408007621765,-0.03432995080947876,0.6229248046875,0.4767853021621704,-0.0034903280902653933,0.6098776459693909,0.4179568886756897,-0.06384401768445969,0.6349178552627563,0.529807984828949,-0.04812755063176155,0.641453742980957,0.5546224117279053,-0.017714552581310272,0.6797587275505066,0.4696427583694458,-0.021013345569372177,0.6639909148216248,0.42583292722702026,-0.053356051445007324,0.6759940385818481,0.5067776441574097,-0.03751946613192558,0.67971271276474,0.5352956056594849,-0.014435791410505772
B,0.6882171630859375,0.6883585453033447,-6.953354727556871e-07,0.6017741560935974,0.6874167919158936,-0.025273669511079788,0.51761794090271,0.6333884000778198,-0.03067423775792122,0.4738558828830719,0.5422236919403076,-0.039399657398462296,0.48247870802879333,0.45557209849357605,-0.04091787710785866,0.5127834677696228,0.526680052280426,0.03460138291120529,0.4874249994754791,0.470475435256958,-0.013031057082116604,0.5167582035064697,0.5382297039031982,-0.0388101190328598,0.538663923740387,0.5696606040000916,-0.046575360000133514,0.5602338910102844,0.49558359384536743,0.029715511947870255,0.5318754315376282,0.4268416464328766,-0.020718565210700035,0.5680135488510132,0.530089259147644,-0.029910653829574585,0.5875937938690186,0.558562695980072,-0.018169671297073364,0.6117609739303589,0.4776438772678375,0.012904665432870388,0.5937668681144714,0.4145590662956238,-0.04137269780039787,0.6188749074935913,0.5205712914466858,-0.026828428730368614,0.6321985125541687,0.5533531308174133,0.002773856744170189,0.671007513999939,0.4697471857070923,-0.006491327192634344,0.6475274562835693,0.4231065809726715,-0.03161410987377167,0.6583780646324158,0.4990615248680115,-0.013280323706567287,0.6657435894012451,0.5287351012229919,0.010989274829626083
B,0.6542489528656006,0.6870039105415344,-6.191471015881689e-07,0.5550237894058228,0.6760944724082947,-0.01405464019626379,0.4820660948753357,0.6009372472763062,-0.015030191279947758,0.47429874539375305,0.5107808113098145,-0.021583249792456627,0.4857153594493866,0.4454771876335144,-0.022832175716757774,0.49003899097442627,0.5162748694419861,0.03389228880405426,0.4646058678627014,0.45966583490371704,-0.006441558711230755,0.48356345295906067,0.5391229391098022,-0.026587173342704773,0.4960647225379944,0.566783607006073,-0.032587502151727676,0.5318432450294495,0.4893297851085663,0.02436690963804722,0.5047175884246826,0.4340783655643463,-0.01912180706858635,0.5271677374839783,0.5325033068656921,-0.026935109868645668,0.5433277487754822,0.549490749835968,-0.017377229407429695,0.5793691873550415,0.47276362776756287,0.004848896060138941,0.5529702305793762,0.42708659172058105,-0.0366225503385067,0.5713922381401062,0.5262294411659241,-0.02054818533360958,0.5863582491874695,0.5468980669975281,0.004756542854011059,0.6340122222900391,0.4617784321308136,-0.017214350402355194,0.6017890572547913,0.4329289495944977,-0.03330450877547264,0.6096213459968567,0.5088845491409302,-0.013561798259615898,0.6225330829620361,0.5299959778785706,0.008705501444637775
B,0.5879412889480591,0.7058859467506409,-7.472049787793367e-07,0.5001594424247742,0.7060571908950806,-0.029336730018258095,0.40756934881210327,0.6450158357620239,-0.038301020860672,0.36495208740234375,0.5460498332977295,-0.04913564771413803,0.3804253339767456,0.45866134762763977,-0.05217820778489113,0.4255407452583313,0.5205023884773254,0.017547963187098503,0.3950115442276001,0.46585187315940857,-0.02919791266322136,0.4203764796257019,0.5557336211204529,-0.05068538710474968,0.4375409185886383,0.5854184627532959,-0.05731271579861641,0.4724003076553345,0.4941970705986023,0.013785514049232006,0.4416363835334778,0.4405595362186432,-0.03438464552164078,0.47039127349853516,0.5478991270065308,-0.039814215153455734,0.4904278814792633,0.5623757839202881,-0.028340181335806847,0.5241425633430481,0.480499804019928,-0.0013302336446940899,0.49853765964508057,0.42906373739242554,-0.0507512204349041,0.5197402238845825,0.5364062190055847,-0.030996495857834816,0.5348122715950012,0.5547910332679749,-0.0018201200291514397,0.5830512046813965,0.47422245144844055,-0.019760221242904663,0.5528039336204529,0.4395311176776886,-0.04322488605976105,0.562640368938446,0.5174784660339355,-0.02378958836197853,0.5750006437301636,0.5349606275558472,-0.000592381227761507
B,0.5749763250350952,0.7004925012588501,-8.220665108638059e-07,0.4875074625015259,0.7038674354553223,-0.026227284222841263,0.3954603672027588,0.6429473757743835,-0.03304542228579521,0.34978652000427246,0.5481154918670654,-0.04215331748127937,0.35070016980171204,0.46191084384918213,-0.04425821825861931,0.40975791215896606,0.5109846591949463,0.019932661205530167,0.38155117630958557,0.44789740443229675,-0.024803224951028824,0.4007948637008667,0.5333085656166077,-0.04703334718942642,0.420330286026001,0.5768683552742004,-0.05340247601270676,0.4573158025741577,0.4870820939540863,0.016240710392594337,0.42637819051742554,0.43048959970474243,-0.028896823525428772,0.4504523277282715,0.5391887426376343,-0.03517351672053337,0.4721595048904419,0.569481372833252,-0.024509120732545853,0.5076645612716675,0.4756561517715454,0.0019115566974505782,0.4785461723804474,0.42140448093414307,-0.04713841900229454,0.4966180920600891,0.5308438539505005,-0.029541466385126114,0.5136123895645142,0.5639585852622986,-0.0011494328500702977,0.5647362470626831,0.47366994619369507,-0.014977917075157166,0.5319681763648987,0.42940080165863037,-0.04047857224941254,0.5399419069290161,0.5092057585716248,-0.021795891225337982,0.5525710582733154,0.5387325882911682,0.0017536068335175514
B,0.5838434100151062,0.6733447313308716,-7.768886689518695e-07,0.4994724690914154,0.6698177456855774,-0.026120463386178017,0.41141998767852783,0.6129052042961121,-0.03532716631889343,0.3646182119846344,0.5230357646942139,-0.04720680043101311,0.36538973450660706,0.434578537940979,-0.05194544792175293,0.41733095049858093,0.48728108406066895,0.01939721219241619,0.3877311646938324,0.4202116131782532,-0.025710351765155792,0.40724456310272217,0.4959140717983246,-0.046639613807201385,0.4280756711959839,0.534755289554596,-0.05193546786904335,0.4626949429512024,0.4606057107448578,0.014721727930009365,0.4307136833667755,0.39499494433403015,-0.03196723759174347,0.4586595594882965,0.5019404292106628,-0.03610221669077873,0.48319104313850403,0.5306811928749084,-0.022723253816366196,0.5133335590362549,0.44545453786849976,-0.0006599346525035799,0.48636728525161743,0.38660669326782227,-0.050265103578567505,0.5081067085266113,0.49121031165122986,-0.030797602608799934,0.5261790752410889,0.5207518339157104,-0.00036145601188763976,0.5712192058563232,0.4413463771343231,-0.018643874675035477,0.5388613939285278,0.3917621970176697,-0.042676448822021484,0.5489445328712463,0.46873366832733154,-0.02182030864059925,0.5624087452888489,0.49819716811180115,0.00342990318313241
B,0.6635773181915283,0.6023656129837036,-6.984479341554106e-07,0.5725939273834229,0.583513081073761,-0.018111957237124443,0.4939679503440857,0.5213013291358948,-0.020989829674363136,0.45801296830177307,0.43227553367614746,-0.029706090688705444,0.47280916571617126,0.3518449664115906,-0.030890604481101036,0.49546125531196594,0.4275997281074524,0.04915985092520714,0.4703234136104584,0.3688770532608032,0.009378158487379551,0.4955955147743225,0.444110244512558,-0.011977468617260456,0.5093224048614502,0.4760488271713257,-0.01738598383963108,0.5355662703514099,0.3971829414367676,0.04297804832458496,0.5136092305183411,0.33983802795410156,0.0024039382115006447,0.5407429933547974,0.43089625239372253,-0.006946044974029064,0.5509215593338013,0.44986629486083984,0.0017188257770612836,0.5820343494415283,0.3767998516559601,0.02529020421206951,0.5628724694252014,0.327006459236145,-0.01782541163265705,0.5831839442253113,0.4176560938358307,-0.005467819049954414,0.5926247835159302,0.4401465356349945,0.01859358698129654,0.6348661184310913,0.3652192950248718,0.005121567752212286,0.6102780103683472,0.32718390226364136,-0.01087870541960001,0.6195021867752075,0.40062350034713745,0.007828101515769958,0.6279296875,0.4267309606075287,0.03001108206808567
B,0.7013731002807617,0.6146010160446167,-6.605209250665212e-07,0.6094457507133484,0.605708122253418,-0.028562672436237335,0.5321992635726929,0.5481761693954468,-0.032078392803668976,0.49461889266967773,0.4518543481826782,-0.0385662242770195,0.5091797113418579,0.36397072672843933,-0.03568211570382118,0.532407283782959,0.4490692615509033,0.05588008090853691,0.5089459419250488,0.3905453383922577,0.006547866389155388,0.5381389856338501,0.45641830563545227,-0.023324185982346535,0.555141270160675,0.4820127487182617,-0.03295809030532837,0.5786631107330322,0.41955429315567017,0.055080052465200424,0.5571051836013794,0.3507145643234253,0.0013115735491737723,0.5919724106788635,0.4511614739894867,-0.015114379115402699,0.5990270972251892,0.4739437699317932,-0.007153905462473631,0.6267013549804688,0.4018594026565552,0.04012136906385422,0.6121390461921692,0.3420836925506592,-0.01773861236870289,0.6367983818054199,0.444440096616745,-0.010598077438771725,0.6418954730033875,0.4666333794593811,0.015404361300170422,0.6817154884338379,0.38961273431777954,0.022216882556676865,0.6641846299171448,0.35096418857574463,-0.0033469924237579107,0.6764910221099854,0.429412841796875,0.010920391418039799,0.6808172464370728,0.45285531878471375,0.03286338970065117
B,0.6968493461608887,0.6875000596046448,-6.80201310387929e-07,0.6189929246902466,0.6741804480552673,-0.032174620777368546,0.5397060513496399,0.6160929203033447,-0.04042860493063927,0.4979843199253082,0.524781346321106,-0.050847385078668594,0.5091400146484375,0.43841004371643066,-0.0524384006857872,0.539888858795166,0.5000196695327759,0.03560677543282509,0.5228464007377625,0.4410908818244934,-0.013556464575231075,0.5455929636955261,0.5185225605964661,-0.039974145591259,0.5584084987640381,0.5539905428886414,-0.04754180088639259,0.585309624671936,0.4748116731643677,0.0359388068318367,0.5682523250579834,0.4168798327445984,-0.015233182348310947,0.5944270491600037,0.5203534960746765,-0.026274312287569046,0.6017315983772278,0.5418803691864014,-0.016676150262355804,0.6334139108657837,0.4619848430156708,0.022930525243282318,0.6238688230514526,0.41169652342796326,-0.03310788422822952,0.6410542130470276,0.5132546424865723,-0.02383730374276638,0.6452916860580444,0.5364247560501099,0.0018947581993415952,0.6875788569450378,0.45720428228378296,0.006944872438907623,0.6751524209976196,0.40842220187187195,-0.020405534654855728,0.681843638420105,0.48319363594055176,-0.0073646786622703075,0.6837718486785889,0.5112053155899048,0.013400555588304996
B,0.6490033864974976,0.77964848279953,-8.018890298444603e-07,0.5624457597732544,0.75356125831604,-0.014936135150492191,0.4906981289386749,0.6832641363143921,-0.01777776889503002,0.4689015746116638,0.5934808254241943,-0.026771951466798782,0.48024773597717285,0.5166220664978027,-0.030437564477324486,0.5083960890769958,0.5710208415985107,0.03555791452527046,0.47742462158203125,0.5215124487876892,-0.008578221313655376,0.49277785420417786,0.6061252951622009,-0.030165180563926697,0.5098437070846558,0.6377143859863281,-0.0359700508415699,0.5496713519096375,0.5467239618301392,0.025183409452438354,0.5169970393180847,0.49555015563964844,-0.021633505821228027,0.5344061851501465,0.5993403792381287,-0.029328206554055214,0.5569373965263367,0.6193252801895142,-0.018150458112359047,0.5969605445861816,0.5340054631233215,0.003996070474386215,0.5645276308059692,0.49224746227264404,-0.043484847992658615,0.5778285264968872,0.5960246324539185,-0.028826532885432243,0.596526026725769,0.6162099242210388,-0.0018302168464288116,0.6540781259536743,0.5308202505111694,-0.019422074779868126,0.6132956147193909,0.4957820177078247,-0.03991354629397392,0.6163418889045715,0.5743842124938965,-0.021446898579597473,0.6324011087417603,0.5975152850151062,0.0016934111481532454
B,0.5706436038017273,0.8049888610839844,-6.687852192044375e-07,0.47790783643722534,0.7839710712432861,-0.017638452351093292,0.4038495421409607,0.7125370502471924,-0.02277662232518196,0.38856735825538635,0.6231482625007629,-0.0330568328499794,0.41061264276504517,0.5540328025817871,-0.03801538422703743,0.4280737340450287,0.6096436977386475,0.028082435950636864,0.3988189697265625,0.5488777756690979,-0.014671316370368004,0.41034916043281555,0.6325797438621521,-0.0351751372218132,0.42472535371780396,0.665604829788208,-0.04045760631561279,0.473897784948349,0.5921143293380737,0.0197251345962286,0.4460224509239197,0.5339691042900085,-0.02590474858880043,0.4603540301322937,0.6357277035713196,-0.034324098378419876,0.4779949188232422,0.6569832563400269,-0.02469230629503727,0.5234237909317017,0.5839400887489319,0.0014282641932368279,0.4977075457572937,0.5355939269065857,-0.04280729964375496,0.5079683661460876,0.6351856589317322,-0.0274059996008873,0.5222306847572327,0.6574841737747192,-0.0015793171478435397,0.5806212425231934,0.5824780464172363,-0.01927066594362259,0.5455750226974487,0.5422114729881287,-0.03710339590907097,0.5493106245994568,0.6172694563865662,-0.01713430881500244,0.5628435611724854,0.6409604549407959,0.0058033340610563755
B,0.502294659614563,0.7824455499649048,-7.20411776455876e-07,0.41909635066986084,0.7654933929443359,-0.022708021104335785,0.3447011113166809,0.6986448764801025,-0.030111560598015785,0.3125907778739929,0.613245964050293,-0.04003028944134712,0.322553813457489,0.5437141060829163,-0.0434190072119236,0.3684600591659546,0.566750705242157,0.02004646509885788,0.34963709115982056,0.5177786946296692,-0.021459443494677544,0.3606484830379486,0.6016308665275574,-0.04279385134577751,0.37361982464790344,0.643416166305542,-0.04897818714380264,0.4181680381298065,0.5521160960197449,0.014802845194935799,0.3950207829475403,0.5063180923461914,-0.027262656018137932,0.4087236523628235,0.6104039549827576,-0.03290112689137459,0.4263186752796173,0.6428056955337524,-0.022429410368204117,0.47055676579475403,0.5523458123207092,-0.00037425640039145947,0.4502437710762024,0.5088344812393188,-0.04300374910235405,0.4568525552749634,0.6071756482124329,-0.02631545625627041,0.4691954553127289,0.6378593444824219,-0.00042768256389535964,0.5281553864479065,0.5641610026359558,-0.01803467608988285,0.5014166831970215,0.5233359336853027,-0.03722861409187317,0.5011855363845825,0.5944460034370422,-0.017990948632359505,0.5106401443481445,0.6191200613975525,0.004706631880253553
B,0.5014986395835876,0.7791016101837158,-8.017077561817132e-07,0.42250245809555054,0.7687764763832092,-0.020606013014912605,0.34543895721435547,0.6920490860939026,-0.028380563482642174,0.314444363117218,0.6075999736785889,-0.03833600506186485,0.32050231099128723,0.5388833284378052,-0.041515953838825226,0.37254399061203003,0.5672845244407654,0.008250845596194267,0.34985852241516113,0.514453113079071,-0.032957687973976135,0.3604243993759155,0.6020460724830627,-0.05044141039252281,0.3745148777961731,0.6372107267379761,-0.054753027856349945,0.4209412634372711,0.5555070638656616,0.0020497688092291355,0.39296916127204895,0.5093348026275635,-0.03868522495031357,0.4040055572986603,0.6133885383605957,-0.03924522176384926,0.42456382513046265,0.6342983245849609,-0.02661719359457493,0.47206857800483704,0.554650604724884,-0.013081452809274197,0.44495537877082825,0.513923168182373,-0.054075948894023895,0.45100268721580505,0.613556981086731,-0.033109210431575775,0.4670657515525818,0.6350194811820984,-0.0060686152428388596,0.526859700679779,0.5623772740364075,-0.030550675466656685,0.49624672532081604,0.5253015756607056,-0.048872992396354675,0.4947579503059387,0.5979124903678894,-0.028053972870111465,0.5071772933006287,0.6202059388160706,-0.005275525152683258
B,0.48625731468200684,0.6842832565307617,-7.223625289043412e-07,0.4020910859107971,0.676267147064209,-0.015644695609807968,0.3259167969226837,0.6197416186332703,-0.019083769991993904,0.28669846057891846,0.5554053783416748,-0.02667592652142048,0.2750374376773834,0.4961904287338257,-0.028278963640332222,0.3354242146015167,0.48966699838638306,0.025046659633517265,0.3055258095264435,0.42812561988830566,-0.01303322147578001,0.3128446936607361,0.49846088886260986,-0.032483384013175964,0.32646459341049194,0.5434560775756836,-0.03738519176840782,0.3824174404144287,0.4633615016937256,0.017033953219652176,0.35591793060302734,0.4087810516357422,-0.022175077348947525,0.37035825848579407,0.5065059065818787,-0.029278697445988655,0.38916516304016113,0.5360091924667358,-0.019946817308664322,0.4341830015182495,0.45295804738998413,0.0003287160361651331,0.41249319911003113,0.4067784249782562,-0.03939800336956978,0.4217807650566101,0.5020003914833069,-0.025086628273129463,0.43648412823677063,0.5274482369422913,-0.0016514217713847756,0.4928068220615387,0.45615747570991516,-0.01815270632505417,0.4658682942390442,0.4215248227119446,-0.036285221576690674,0.4662421643733978,0.4924956262111664,-0.01815030723810196,0.4775526821613312,0.5135058164596558,0.0034891001414507627
B,0.5127344727516174,0.6327499747276306,-1.3443386137623747e-07,0.4336257874965668,0.6187435984611511,-0.024133021011948586,0.3586697578430176,0.5495108962059021,-0.036901120096445084,0.3395184278488159,0.4593048393726349,-0.05154787003993988,0.3513868451118469,0.3816436231136322,-0.06450191140174866,0.3582145869731903,0.4417628049850464,5.6406017392873764e-05,0.3156684935092926,0.37080714106559753,-0.03293627128005028,0.2875348925590515,0.3309794068336487,-0.05076669901609421,0.2696104049682617,0.28727418184280396,-0.06179875135421753,0.40504133701324463,0.41311243176460266,-0.008889787830412388,0.38065382838249207,0.3635014593601227,-0.05825424566864967,0.3976636528968811,0.4458319842815399,-0.06599680334329605,0.41512393951416016,0.47126874327659607,-0.05666044354438782,0.45583081245422363,0.40313753485679626,-0.024607708677649498,0.4328120946884155,0.37144094705581665,-0.07350559532642365,0.445616751909256,0.4560931921005249,-0.056268371641635895,0.45892125368118286,0.47054919600486755,-0.03076768107712269,0.5115422010421753,0.4075307548046112,-0.04300893098115921,0.4841778874397278,0.3887762725353241,-0.06962493807077408,0.48933351039886475,0.45618927478790283,-0.051339928060770035,0.5009115934371948,0.4734222888946533,-0.03017379343509674
B,0.612106204032898,0.573498010635376,-6.005387831464759e-07,0.5241814851760864,0.550886332988739,-0.01356516033411026,0.45157667994499207,0.47851020097732544,-0.01592952571809292,0.4199245274066925,0.40040552616119385,-0.02418587915599346,0.40494009852409363,0.34463268518447876,-0.02669418975710869,0.460353821516037,0.40085306763648987,0.032038766890764236,0.4348117709159851,0.33545809984207153,-0.008350091055035591,0.4517413079738617,0.40215691924095154,-0.030590780079364777,0.46390068531036377,0.43427109718322754,-0.03754325956106186,0.49850523471832275,0.3826204538345337,0.023586377501487732,0.47652238607406616,0.3275531232357025,-0.01793220080435276,0.49382877349853516,0.40528440475463867,-0.030793514102697372,0.5034523606300354,0.42807701230049133,-0.02704859897494316,0.5405722260475159,0.36863023042678833,0.006061331834644079,0.5162224769592285,0.32465285062789917,-0.03467775508761406,0.5291833281517029,0.40297478437423706,-0.025675322860479355,0.5384186506271362,0.42894822359085083,-0.006467919796705246,0.5862007737159729,0.36054933071136475,-0.013346421532332897,0.5566844344139099,0.3317529261112213,-0.02945537492632866,0.5605775713920593,0.392777681350708,-0.014219573698937893,0.5697829127311707,0.4175519347190857,0.004113518167287111
B,0.6698955297470093,0.6179717183113098,-6.032174724168726e-07,0.5878466367721558,0.6040993928909302,-0.029596181586384773,0.5143839120864868,0.544164776802063,-0.03864314407110214,0.477981835603714,0.45209115743637085,-0.050026051700115204,0.4933624863624573,0.36599913239479065,-0.053427018225193024,0.51405268907547,0.4393353760242462,0.034050263464450836,0.4992603361606598,0.38021132349967957,-0.014135041274130344,0.5239918828010559,0.44976577162742615,-0.04147309809923172,0.5382664203643799,0.48656031489372253,-0.05029654502868652,0.5593855381011963,0.41597098112106323,0.03230823203921318,0.5459923148155212,0.35110294818878174,-0.01859823428094387,0.5751131772994995,0.44865089654922485,-0.031481895595788956,0.5838881731033325,0.48192098736763,-0.023251062259078026,0.6068218946456909,0.4054218530654907,0.018300123512744904,0.6014383435249329,0.34609049558639526,-0.03594774752855301,0.6212500929832458,0.44480156898498535,-0.026882367208600044,0.6255870461463928,0.47930818796157837,-0.0018025771714746952,0.6598950028419495,0.4054795503616333,0.001473918091505766,0.6512958407402039,0.3615415096282959,-0.026403658092021942,0.6601917147636414,0.43504318594932556,-0.013962097465991974,0.6604927182197571,0.4674151539802551,0.006265569478273392
B,0.6316765546798706,0.7220004796981812,-7.000049890848459e-07,0.5357401967048645,0.6934487819671631,-0.009812645614147186,0.4705653488636017,0.6226614117622375,-0.011250857263803482,0.45640993118286133,0.541996419429779,-0.019282272085547447,0.4664458632469177,0.48131096363067627,-0.022626856341958046,0.49368995428085327,0.5285605192184448,0.031212622299790382,0.4668734669685364,0.47961434721946716,-0.008003303781151772,0.4859386086463928,0.5566967725753784,-0.027825977653265,0.5005556344985962,0.5825857520103455,-0.033922143280506134,0.5349774360656738,0.5092902183532715,0.01928785815834999,0.5078961849212646,0.45949476957321167,-0.02253677509725094,0.5265809893608093,0.5509544610977173,-0.030485598370432854,0.5448335409164429,0.5678173899650574,-0.022469693794846535,0.5804771780967712,0.4977351427078247,-0.001529060653410852,0.5509107112884521,0.45101577043533325,-0.0427839420735836,0.564831018447876,0.5420612096786499,-0.028478320688009262,0.5821006894111633,0.5617389678955078,-0.00495159300044179,0.6336438655853271,0.49407854676246643,-0.02418491430580616,0.5976423025131226,0.4575805366039276,-0.041187748312950134,0.6007605195045471,0.5268328189849854,-0.022345755249261856,0.615656852722168,0.5493162274360657,-0.0007378222653642297
B,0.5571742653846741,0.7361683249473572,-6.377506451826775e-07,0.48432910442352295,0.7562751770019531,-0.035723645240068436,0.3938625156879425,0.7020188570022583,-0.048463717103004456,0.35815444588661194,0.6239936351776123,-0.05974765494465828,0.3675495982170105,0.5593799352645874,-0.06241077929735184,0.3870541751384735,0.5620611906051636,-0.0038869723211973906,0.37363457679748535,0.510317862033844,-0.04947618395090103,0.3974554240703583,0.5954280495643616,-0.06807366013526917,0.40499579906463623,0.6222568154335022,-0.0733693465590477,0.43655043840408325,0.5374724864959717,-0.0048790136352181435,0.42169514298439026,0.4904235601425171,-0.05317612737417221,0.44637709856033325,0.5933117270469666,-0.05542914569377899,0.451824426651001,0.6089309453964233,-0.04290712997317314,0.487464040517807,0.5229657292366028,-0.016514508053660393,0.4742729663848877,0.486945241689682,-0.06417236477136612,0.49326398968696594,0.5854867696762085,-0.04472476243972778,0.49680525064468384,0.6023901700973511,-0.01797647401690483,0.5419476628303528,0.514639139175415,-0.03184782341122627,0.523288369178772,0.4881894588470459,-0.05506082996726036,0.5351834893226624,0.5638270974159241,-0.03690510243177414,0.5400850176811218,0.5814578533172607,-0.015709158033132553
B,0.5541450381278992,0.7032303810119629,-6.399530434464396e-07,0.4740346670150757,0.7316937446594238,-0.04027480632066727,0.3727301061153412,0.6918054223060608,-0.05632853880524635,0.3114740252494812,0.6078045964241028,-0.07177465409040451,0.31189656257629395,0.5157672166824341,-0.07833314687013626,0.37199461460113525,0.5561366677284241,0.007888363674283028,0.34282106161117554,0.48589903116226196,-0.04191076010465622,0.3753158748149872,0.562234103679657,-0.06484029442071915,0.39531412720680237,0.5997467637062073,-0.071013905107975,0.416216105222702,0.5204178094863892,0.01021253690123558,0.3850718140602112,0.46343445777893066,-0.04085877165198326,0.42396727204322815,0.5624555945396423,-0.047372687608003616,0.4399483799934387,0.5864678621292114,-0.03575950860977173,0.46320244669914246,0.49740687012672424,0.0003519408928696066,0.4378944933414459,0.44345611333847046,-0.05390337109565735,0.46884605288505554,0.5425044298171997,-0.038792070001363754,0.4801485538482666,0.568837583065033,-0.011219860054552555,0.5158932209014893,0.4818938970565796,-0.012938487343490124,0.4911290109157562,0.4389428496360779,-0.04184861108660698,0.5096882581710815,0.5147480964660645,-0.02696353942155838,0.5184796452522278,0.5441494584083557,-0.005890087690204382
B,0.5672376751899719,0.699594259262085,-8.16085332644434e-07,0.48283839225769043,0.7327619194984436,-0.03003806620836258,0.37870389223098755,0.6996678709983826,-0.038414739072322845,0.3139200210571289,0.6122174859046936,-0.05003705993294716,0.311364084482193,0.5154104232788086,-0.053908199071884155,0.3567158579826355,0.5731572508811951,0.029397286474704742,0.31607040762901306,0.5158477425575256,-0.021800121292471886,0.3616119623184204,0.5813668370246887,-0.048282284289598465,0.39203697443008423,0.6142986416816711,-0.05571770295500755,0.401930570602417,0.5269835591316223,0.024374915286898613,0.360381156206131,0.46627384424209595,-0.03022761456668377,0.4164673984050751,0.5629522204399109,-0.03997354581952095,0.44441238045692444,0.5929533839225769,-0.027070438489317894,0.45308732986450195,0.4937576949596405,0.006774298381060362,0.4206290543079376,0.4394090473651886,-0.05123196914792061,0.46843189001083374,0.5417260527610779,-0.03712163493037224,0.4884365200996399,0.5735284090042114,-0.006848084274679422,0.5135413408279419,0.468865305185318,-0.013761394657194614,0.48213428258895874,0.43054378032684326,-0.04351116716861725,0.5091385245323181,0.5096235275268555,-0.02723260410130024,0.5223718881607056,0.5408561825752258,-0.0036448214668780565
B,0.6244944334030151,0.6628295183181763,-4.942641567140527e-07,0.5387896299362183,0.6699896454811096,-0.018881507217884064,0.4543994963169098,0.6187165379524231,-0.029336517676711082,0.4218999743461609,0.5361424684524536,-0.04350462928414345,0.41738754510879517,0.46575361490249634,-0.05535260587930679,0.4468013048171997,0.5270382761955261,0.002748281927779317,0.40956830978393555,0.46191924810409546,-0.036481790244579315,0.41685283184051514,0.49181902408599854,-0.06504958122968674,0.43216320872306824,0.527085542678833,-0.07917744666337967,0.48302382230758667,0.487745076417923,-0.0034925295040011406,0.4556567668914795,0.4330921769142151,-0.03909212350845337,0.4718075692653656,0.4856760501861572,-0.05644386634230614,0.4873797595500946,0.5257965326309204,-0.06069386377930641,0.5246155858039856,0.45937731862068176,-0.01596871018409729,0.5016255974769592,0.4107239246368408,-0.04902572184801102,0.5154775381088257,0.4710504710674286,-0.04600609838962555,0.5284590721130371,0.5133846402168274,-0.035868868231773376,0.5718413591384888,0.4438435435295105,-0.030756132677197456,0.5522251725196838,0.40202760696411133,-0.048633474856615067,0.5582488775253296,0.4515604078769684,-0.038774777203798294,0.5671347975730896,0.4899909794330597,-0.026138804852962494
B,0.6356170177459717,0.6809700727462769,-6.726567107762094e-07,0.551227867603302,0.6679645776748657,-0.023082954809069633,0.4743252396583557,0.5995107889175415,-0.028011493384838104,0.44574302434921265,0.5023910403251648,-0.03736589103937149,0.4594639539718628,0.4216751754283905,-0.04034937545657158,0.4794895648956299,0.49573490023612976,0.035197045654058456,0.4589923918247223,0.4355277419090271,-0.009031035006046295,0.4808153808116913,0.5019851922988892,-0.03193032741546631,0.49441564083099365,0.5301531553268433,-0.03791096806526184,0.5258693695068359,0.4731861650943756,0.02938484400510788,0.5073862671852112,0.4057842791080475,-0.017871715128421783,0.5322487950325012,0.5024181008338928,-0.02621271461248398,0.5418375730514526,0.5312384366989136,-0.01485221553593874,0.5752072930335999,0.46248725056648254,0.01204815786331892,0.5626901388168335,0.40782326459884644,-0.037151046097278595,0.5819128155708313,0.5034523010253906,-0.023170417174696922,0.5891153812408447,0.5311982035636902,0.004092459566891193,0.6306377053260803,0.46139633655548096,-0.00803010817617178,0.6119375824928284,0.41543012857437134,-0.028835536912083626,0.6212177276611328,0.4861083924770355,-0.010010045021772385,0.6269527673721313,0.5137752294540405,0.013353979215025902
O,0.763641893863678,0.6229920387268066,-4.222156917421671e-07,0.6677903532981873,0.6092925071716309,0.027944808825850487,0.6029089093208313,0.5686411261558533,0.033209241926670074,0.5438835024833679,0.559306800365448,0.023897958919405937,0.49860355257987976,0.5334836840629578,0.013418249785900116,0.6139376163482666,0.39711421728134155,0.06627408415079117,0.5441063046455383,0.38536593317985535,0.03383795917034149,0.5084986090660095,0.4358747899532318,-0.004736240021884441,0.4970910847187042,0.4900270402431488,-0.02277231402695179,0.6276845932006836,0.36469322443008423,0.03694551810622215,0.5642288327217102,0.2716381847858429,0.021816829219460487,0.5053058862686157,0.2607048749923706,0.0041287546046078205,0.45860856771469116,0.2837366461753845,-0.0030162613838911057,0.6482365727424622,0.3485676348209381,0.0012607640819624066,0.593536376953125,0.23933517932891846,-0.0060799382627010345,0.5350385308265686,0.21026496589183807,-0.010944230481982231,0.4918450117111206,0.20868584513664246,-0.010516640730202198,0.6638359427452087,0.34985214471817017,-0.03516810014843941,0.6432338953018188,0.2451789677143097,-0.03753300756216049,0.6136062741279602,0.18393105268478394,-0.03541522100567818,0.5867612361907959,0.1386655569076538,-0.030387448146939278
O,0.7690967917442322,0.6533883810043335,-2.5634670919316704e-07,0.6723348498344421,0.6386763453483582,0.02513391710817814,0.6036478281021118,0.5959740877151489,0.030205555260181427,0.5407795906066895,0.5875346064567566,0.020657557994127274,0.4926517605781555,0.568822979927063,0.009629083797335625,0.6196694374084473,0.421881765127182,0.0682152807712555,0.5525572896003723,0.41354647278785706,0.036883171647787094,0.51461261510849,0.4662420153617859,-0.00043680882663466036,0.4994366765022278,0.5211331844329834,-0.01791241019964218,0.6357256174087524,0.3900493383407593,0.03868139162659645,0.5865230560302734,0.2943705916404724,0.027330942451953888,0.5315878987312317,0.269852876663208,0.013120297342538834,0.48490190505981445,0.27427053451538086,0.007492903620004654,0.6596784591674805,0.37928062677383423,0.0018056943081319332,0.6188633441925049,0.2694054841995239,-0.005455825012177229,0.56449955701828,0.23412375152111053,-0.006033000536262989,0.5220197439193726,0.22141163051128387,-0.0025999080389738083,0.6789026856422424,0.3873237371444702,-0.03645758703351021,0.6634361743927002,0.2825940251350403,-0.04242317005991936,0.6380450129508972,0.21386834979057312,-0.038545072078704834,0.6152986288070679,0.15456536412239075,-0.03134968504309654
O,0.7633398771286011,0.6529585123062134,-1.9773608528339537e-07,0.6736424565315247,0.6429775357246399,0.01728152297437191,0.6063675880432129,0.6041304469108582,0.019446248188614845,0.5468157529830933,0.5940359234809875,0.00900302641093731,0.5037916302680969,0.5705928206443787,-0.0017907876754179597,0.6200647950172424,0.42920616269111633,0.05622733756899834,0.5521235466003418,0.4155045747756958,0.024662761017680168,0.5156305432319641,0.46467265486717224,-0.010543814860284328,0.5027815699577332,0.5163445472717285,-0.026235021650791168,0.6342939734458923,0.3951416015625,0.032283931970596313,0.5861219167709351,0.29962050914764404,0.022467220202088356,0.5331422686576843,0.26932457089424133,0.010985960252583027,0.48695677518844604,0.26232749223709106,0.006782072130590677,0.6571781635284424,0.38151344656944275,0.0009070540545508265,0.6143264770507812,0.2743090093135834,-0.006489618681371212,0.5607057213783264,0.2401348501443863,-0.007085391320288181,0.5185168385505676,0.22678765654563904,-0.003306235885247588,0.6758099794387817,0.3879411816596985,-0.03222310170531273,0.6589198112487793,0.2837476134300232,-0.03813566267490387,0.6334488987922668,0.21700048446655273,-0.03455045446753502,0.6106916069984436,0.16135439276695251,-0.02725333720445633
O,0.7547287344932556,0.654922604560852,-2.0118139332225837e-07,0.6697722673416138,0.6459741592407227,0.009974252432584763,0.6028389930725098,0.6079457402229309,0.007297080475836992,0.5418655872344971,0.5968765020370483,-0.006883361376821995,0.4978352189064026,0.5725661516189575,-0.02123636193573475,0.6178380846977234,0.4336053729057312,0.047445446252822876,0.5517541766166687,0.4210297465324402,0.011517021805047989,0.513652503490448,0.46750617027282715,-0.02612883225083351,0.4992690682411194,0.518042802810669,-0.04319480434060097,0.6302376389503479,0.39767131209373474,0.026059137657284737,0.5823636651039124,0.3033192753791809,0.010579436086118221,0.5309792160987854,0.27794548869132996,-0.0029547594022005796,0.4872073531150818,0.2775622606277466,-0.007000403478741646,0.6524825692176819,0.38111722469329834,-0.003105602925643325,0.6068459749221802,0.2747591733932495,-0.015013933181762695,0.5537286996841431,0.2430707812309265,-0.01595314033329487,0.5124207735061646,0.23221690952777863,-0.010856245644390583,0.6714599132537842,0.38613349199295044,-0.03453654423356056,0.655049741268158,0.28278276324272156,-0.042537011206150055,0.6298190951347351,0.2169622778892517,-0.03925994038581848,0.6069416403770447,0.16209116578102112,-0.031477950513362885
O,0.7535276412963867,0.658282995223999,-1.8190642947502056e-07,0.6659179925918579,0.649322509765625,0.009471183642745018,0.5955603122711182,0.6106941103935242,0.008142577484250069,0.5319544076919556,0.5987379550933838,-0.004168234299868345,0.4841216206550598,0.5722106695175171,-0.016113899648189545,0.6168768405914307,0.4390560984611511,0.04977093264460564,0.5473804473876953,0.42616894841194153,0.015610597096383572,0.5107134580612183,0.47361814975738525,-0.02051585353910923,0.49916714429855347,0.5242162346839905,-0.03633315488696098,0.6297986507415771,0.40443161129951477,0.029837189242243767,0.5818530917167664,0.31090182065963745,0.017045747488737106,0.530394971370697,0.2837042212486267,0.0051115951500833035,0.4865236282348633,0.2784660756587982,0.001788293942809105,0.6515589356422424,0.38954904675483704,0.0018437181133776903,0.6063143610954285,0.2855052351951599,-0.0077753434889018536,0.5523080229759216,0.25091883540153503,-0.00792520772665739,0.5103303790092468,0.23508313298225403,-0.002904758555814624,0.6692398190498352,0.3959582448005676,-0.02843250147998333,0.6502654552459717,0.2955780327320099,-0.03514604642987251,0.6252813935279846,0.22963574528694153,-0.031120581552386284,0.603415310382843,0.17339476943016052,-0.023023046553134918
O,0.7720413208007812,0.6570061445236206,-2.8850089961451886e-07,0.6866732835769653,0.6495795845985413,0.011076642200350761,0.618482232093811,0.6092416048049927,0.010157501325011253,0.5588160157203674,0.5975696444511414,-0.0021659014746546745,0.5169567465782166,0.5722169280052185,-0.014688394963741302,0.6301906108856201,0.43899375200271606,0.048679277300834656,0.5629852414131165,0.4208829402923584,0.015622983686625957,0.5244086384773254,0.46142154932022095,-0.018737077713012695,0.5096713304519653,0.5102401375770569,-0.03409528732299805,0.644803524017334,0.4042079448699951,0.025835344567894936,0.5930081009864807,0.3090345859527588,0.00603580754250288,0.5360589623451233,0.2967141270637512,-0.009925865568220615,0.4899892210960388,0.31776726245880127,-0.013516901060938835,0.6692067384719849,0.3897362947463989,-0.0041646226309239864,0.6238372921943665,0.28094083070755005,-0.020192114636301994,0.566413164138794,0.25763052701950073,-0.02279493771493435,0.5226965546607971,0.26060599088668823,-0.017086515203118324,0.6895788908004761,0.3970435857772827,-0.035945456475019455,0.6712559461593628,0.2910897135734558,-0.048115380108356476,0.6430087685585022,0.22369349002838135,-0.0476689450442791,0.6186741590499878,0.1705942451953888,-0.040834691375494
O,0.7749059796333313,0.6592490673065186,-3.123518297343253e-07,0.6939768195152283,0.654229998588562,0.002090328373014927,0.623786985874176,0.6149387359619141,-0.0035884883254766464,0.563284158706665,0.6001339554786682,-0.01836717128753662,0.523383378982544,0.5657123923301697,-0.03276609256863594,0.6384392976760864,0.4437788426876068,0.03261644393205643,0.5694149136543274,0.41998469829559326,-0.003835603827610612,0.5330146551132202,0.4594384729862213,-0.038665082305669785,0.5214062929153442,0.5063344836235046,-0.05444733425974846,0.6515568494796753,0.40708500146865845,0.01425707433372736,0.5936930775642395,0.31439557671546936,-0.011176426894962788,0.536152720451355,0.3058546781539917,-0.028932277113199234,0.4908600449562073,0.3299129605293274,-0.033212561160326004,0.6755593419075012,0.38971197605133057,-0.011103545315563679,0.6249963045120239,0.28383392095565796,-0.031470369547605515,0.5682761073112488,0.26247769594192505,-0.03616522252559662,0.5238731503486633,0.26614266633987427,-0.03145621344447136,0.6978136897087097,0.3954540193080902,-0.03852073475718498,0.6759844422340393,0.29020729660987854,-0.05316802114248276,0.647737979888916,0.2244776487350464,-0.05483033135533333,0.6221034526824951,0.17381146550178528,-0.04961014911532402
O,0.7717335820198059,0.6752138733863831,-2.969723027490545e-07,0.6915653347969055,0.6665413975715637,0.0014326988020911813,0.6249566078186035,0.6276962757110596,-0.006500845775008202,0.5645808577537537,0.6134098768234253,-0.023445401340723038,0.5233531594276428,0.5816432237625122,-0.0400799959897995,0.6408498287200928,0.455484002828598,0.03233284875750542,0.5782485604286194,0.4311116933822632,-0.004865784663707018,0.5402712821960449,0.46990758180618286,-0.041992366313934326,0.5259981751441956,0.5175147652626038,-0.05993812531232834,0.6553940773010254,0.42029082775115967,0.013360115699470043,0.6009706854820251,0.3216114342212677,-0.015475288033485413,0.5434108972549438,0.31575703620910645,-0.0367765799164772,0.49768614768981934,0.3414992392063141,-0.04348944127559662,0.6794027090072632,0.40446674823760986,-0.012546864338219166,0.632422924041748,0.2922426462173462,-0.03452584519982338,0.576255202293396,0.27108103036880493,-0.04276958480477333,0.5326884984970093,0.2754818797111511,-0.04108517989516258,0.7014579176902771,0.4119594097137451,-0.040424223989248276,0.6852582097053528,0.3056640028953552,-0.05478399991989136,0.657302737236023,0.2396816611289978,-0.05820123106241226,0.6312862634658813,0.18891707062721252,-0.055378206074237823
O,0.7594329118728638,0.6702508926391602,-2.3218312605877145e-07,0.6741701364517212,0.6660842895507812,0.009913678281009197,0.6074274182319641,0.6303520798683167,0.008059695363044739,0.5440493226051331,0.6170551180839539,-0.0052227056585252285,0.4989239275455475,0.5871268510818481,-0.01840139739215374,0.6236404776573181,0.46346229314804077,0.05489356443285942,0.5550589561462402,0.4477762281894684,0.024683240801095963,0.5150102972984314,0.48227745294570923,-0.008629053831100464,0.5000098347663879,0.5244873762130737,-0.023399148136377335,0.637161135673523,0.4267841875553131,0.033046312630176544,0.5844175219535828,0.3344443440437317,0.01591283641755581,0.5265703201293945,0.3207273781299591,-0.0010542876552790403,0.4786878824234009,0.33735913038253784,-0.005938923917710781,0.6586834788322449,0.4092886745929718,0.0035534824710339308,0.6110996603965759,0.3067273795604706,-0.008832555264234543,0.5558789372444153,0.27881181240081787,-0.01376346219331026,0.5132200717926025,0.27604323625564575,-0.011061791330575943,0.6758436560630798,0.41368499398231506,-0.02786576747894287,0.6566404104232788,0.3140484690666199,-0.035362549126148224,0.6284385323524475,0.25032705068588257,-0.03512119874358177,0.6027340292930603,0.20014122128486633,-0.02995031140744686
O,0.7547506093978882,0.6679390668869019,-1.8795989831232873e-07,0.674399197101593,0.6622473001480103,-0.0018322180258110166,0.6057923436164856,0.6223052144050598,-0.009679554030299187,0.5450265407562256,0.6081875562667847,-0.02615072950720787,0.5020484924316406,0.5821985006332397,-0.042312633246183395,0.6197752356529236,0.4548048973083496,0.03134828060865402,0.5520406365394592,0.4369913935661316,-0.007781860418617725,0.5168406963348389,0.47888854146003723,-0.045161135494709015,0.506360650062561,0.5269668102264404,-0.061684880405664444,0.633644163608551,0.4183858036994934,0.014906113035976887,0.5870193243026733,0.3260306715965271,-0.006819882430136204,0.5344547033309937,0.3056880831718445,-0.02199915051460266,0.4899709224700928,0.3126329183578491,-0.025577636435627937,0.6586870551109314,0.40373557806015015,-0.009582336992025375,0.614824116230011,0.30070173740386963,-0.027339769527316093,0.5630507469177246,0.26818984746932983,-0.02985052578151226,0.521305501461029,0.25688493251800537,-0.02426219917833805,0.6818522810935974,0.41230112314224243,-0.036786999553442,0.6607412099838257,0.31216228008270264,-0.04959118738770485,0.6334049105644226,0.24691957235336304,-0.04844038560986519,0.6085205078125,0.19373798370361328,-0.0412166491150856
O,0.7569303512573242,0.6641830801963806,-2.0364281283491437e-07,0.6744776368141174,0.661333441734314,0.004388212226331234,0.6078866124153137,0.6203081607818604,0.0006564290379174054,0.5486884713172913,0.6014375686645508,-0.01368058379739523,0.5069161057472229,0.575494647026062,-0.027594931423664093,0.6229234933853149,0.45424938201904297,0.04519042372703552,0.558272123336792,0.43223756551742554,0.01152126956731081,0.5217231512069702,0.4673783481121063,-0.02268558368086815,0.5078418850898743,0.5106753706932068,-0.037584636360406876,0.6369855999946594,0.4165598154067993,0.02627498283982277,0.5881182551383972,0.3207850456237793,0.0055685993283987045,0.5333905816078186,0.3055848479270935,-0.010728552006185055,0.4885793924331665,0.32166123390197754,-0.01402079127728939,0.6612136363983154,0.39761853218078613,-0.0003950037353206426,0.6121677160263062,0.294270396232605,-0.01693628914654255,0.5546436905860901,0.27447575330734253,-0.020964868366718292,0.510906457901001,0.2788292467594147,-0.015455850400030613,0.682876467704773,0.40110743045806885,-0.029396111145615578,0.6620748043060303,0.29988956451416016,-0.03834247589111328,0.6332039833068848,0.2378363460302353,-0.03731844946742058,0.6081957817077637,0.1897558867931366,-0.030557237565517426
O,0.7545264959335327,0.6597357392311096,-2.204760960466956e-07,0.6721320748329163,0.6596212387084961,0.003969415556639433,0.6045852303504944,0.6203233003616333,0.001050985069014132,0.5460060238838196,0.6012943983078003,-0.011848341673612595,0.5026447176933289,0.572709321975708,-0.024289947003126144,0.6198683977127075,0.4536144435405731,0.0459134615957737,0.5545185208320618,0.43261170387268066,0.013960602693259716,0.5176774263381958,0.46772080659866333,-0.01945188082754612,0.5035813450813293,0.5110138058662415,-0.03402154520153999,0.6339871287345886,0.4149479866027832,0.02799936570227146,0.5839229822158813,0.32394999265670776,0.009821190498769283,0.5305420160293579,0.3106571137905121,-0.005837576929479837,0.4871549606323242,0.3270284831523895,-0.009326089173555374,0.6577442288398743,0.39624103903770447,0.0023304845672100782,0.6099874377250671,0.2970220744609833,-0.011718966998159885,0.5555400252342224,0.27454328536987305,-0.015103057026863098,0.5130947232246399,0.2753157317638397,-0.010180827230215073,0.6793633699417114,0.3998475968837738,-0.02572275698184967,0.6580016613006592,0.30179598927497864,-0.03366624936461449,0.6297751665115356,0.24068443477153778,-0.03217146173119545,0.6043815016746521,0.1929682195186615,-0.025419019162654877
O,0.7564777135848999,0.6616977453231812,-2.3153938855102751e-07,0.6740947961807251,0.6610248684883118,0.00022432977857533842,0.6056768894195557,0.621593713760376,-0.005161990411579609,0.5465779900550842,0.604042112827301,-0.019676843658089638,0.5081692337989807,0.5733689069747925,-0.033075232058763504,0.6205786466598511,0.45289134979248047,0.04088354483246803,0.5528028607368469,0.43140149116516113,0.006173765752464533,0.517051637172699,0.4725792706012726,-0.02828819677233696,0.506836473941803,0.5190963745117188,-0.04306795448064804,0.6348549127578735,0.4169051945209503,0.024429816752672195,0.582328200340271,0.3296639919281006,0.00591972516849637,0.5261631011962891,0.3161298632621765,-0.008037960156798363,0.47950655221939087,0.32805630564689636,-0.010724742896854877,0.6589421033859253,0.4006011486053467,-0.0003850697248708457,0.6120800375938416,0.30169183015823364,-0.014544074423611164,0.5576452612876892,0.2752615809440613,-0.015619817189872265,0.5139954090118408,0.2692107558250427,-0.009446628391742706,0.6802695989608765,0.4051598608493805,-0.02808542177081108,0.6564168334007263,0.30673205852508545,-0.03760180622339249,0.627660870552063,0.2440079152584076,-0.03568725287914276,0.601494312286377,0.1928335726261139,-0.028342122212052345
O,0.7490279078483582,0.6643902063369751,-2.2196630311555055e-07,0.6708993911743164,0.661223292350769,-0.0028887640219181776,0.6030109524726868,0.620651125907898,-0.010610335506498814,0.5437524318695068,0.6048716902732849,-0.026573361828923225,0.5031945705413818,0.5758980512619019,-0.04179387912154198,0.6184034943580627,0.4533919095993042,0.03146889805793762,0.5530110597610474,0.4291793406009674,-0.006371692754328251,0.5177118182182312,0.4660142660140991,-0.04268283396959305,0.506727397441864,0.5115872025489807,-0.059028781950473785,0.6319882869720459,0.41774722933769226,0.015499405562877655,0.5833646655082703,0.3246822953224182,-0.008799129165709019,0.5286151170730591,0.3099805414676666,-0.02639942057430744,0.48378443717956543,0.3241034746170044,-0.03092510998249054,0.6569716334342957,0.4025271534919739,-0.008256623521447182,0.6117139458656311,0.30226755142211914,-0.027518833056092262,0.5590694546699524,0.2767663896083832,-0.031976230442523956,0.5168288350105286,0.2718990445137024,-0.0272231362760067,0.6808493733406067,0.4102135896682739,-0.03470834717154503,0.659895658493042,0.3118955194950104,-0.0475955493748188,0.6314127445220947,0.2491411417722702,-0.047916971147060394,0.6056064963340759,0.1989138126373291,-0.04192731902003288
O,0.7494091987609863,0.6581509113311768,-2.455692253988673e-07,0.6674706935882568,0.6549866795539856,0.0027034792583435774,0.5976109504699707,0.6163455843925476,-0.0024130058009177446,0.5355912446975708,0.6043009161949158,-0.016994044184684753,0.4890975058078766,0.5771377086639404,-0.030987322330474854,0.6159849762916565,0.4510784447193146,0.039395127445459366,0.5491620302200317,0.42957454919815063,0.004181985277682543,0.5134104490280151,0.4679206907749176,-0.0310087651014328,0.501711368560791,0.5133037567138672,-0.04666309431195259,0.6293683648109436,0.4146779775619507,0.02137904241681099,0.578869104385376,0.32373470067977905,0.0008044348796829581,0.5236078500747681,0.31066590547561646,-0.01420291606336832,0.47870367765426636,0.32759809494018555,-0.01726635918021202,0.6529338359832764,0.3982751965522766,-0.004398450255393982,0.6068174242973328,0.2958601713180542,-0.01893814466893673,0.5536200404167175,0.2696239650249481,-0.019828377291560173,0.5110356211662292,0.2653035521507263,-0.01363704539835453,0.6742419004440308,0.40424013137817383,-0.03279471397399902,0.6527968645095825,0.3073379397392273,-0.04237997159361839,0.6241250038146973,0.24556635320186615,-0.040353503078222275,0.5975092053413391,0.1962745189666748,-0.033059012144804
